prompt_id,generation_id,gold_answer,prediction,correctness,format_hit,extractable,correctness_reward,format_reward,extractability_reward,total_reward,prompt,completion
0,0,72,72,1,1,1,1.0,0.1,0.1,1.2000000000000002,"Please solve the following math problem step by step. Put the final answer at the end.

Question: Natalia sold clips to 48 of her friends in April, and then she sold half as many clips in May. How many clips did Natalia sell altogether in April and May?

After solving, end your response with exactly one final line:
Final answer: <answer>","In April, Natalia sold 48 clips.
In May, she sold half as many clips, which is 48 / 2 = <<48/2=24>>24 clips.
Altogether, in both months, she sold 48 + 24 = <<48+24=72>>72 clips.
Final answer: 72"
0,1,72,72,1,1,1,1.0,0.1,0.1,1.2000000000000002,"Please solve the following math problem step by step. Put the final answer at the end.

Question: Natalia sold clips to 48 of her friends in April, and then she sold half as many clips in May. How many clips did Natalia sell altogether in April and May?

After solving, end your response with exactly one final line:
Final answer: <answer>","First find how many clips Natalia sold in May: 48 clips / 2 = <<48/2=24>>24 clips
Then add the number of clips she sold in April and May: 24 clips + 48 clips = <<24+48=72>>72 clips

Final answer: 72"
0,2,72,72,1,0,1,1.0,0.0,0.1,1.1,"Please solve the following math problem step by step. Put the final answer at the end.

Question: Natalia sold clips to 48 of her friends in April, and then she sold half as many clips in May. How many clips did Natalia sell altogether in April and May?

After solving, end your response with exactly one final line:
Final answer: <answer>","In April, Natalia sold 48 clips.
In May, Natalia sold \( \frac{1}{2} \times 48 = 24 \) clips.

Altogether, Natalia sold \( 48 + 24 = \boxed{72}\) clips in April and May."
0,3,72,72,1,1,1,1.0,0.1,0.1,1.2000000000000002,"Please solve the following math problem step by step. Put the final answer at the end.

Question: Natalia sold clips to 48 of her friends in April, and then she sold half as many clips in May. How many clips did Natalia sell altogether in April and May?

After solving, end your response with exactly one final line:
Final answer: <answer>","In April, Natalia sold 48 x .5 = <<48*.5=24>>24 less clips.
So in total Natalia sold in April and May = 48 + 24 = <<48+24=72>>72
#### 72"
1,0,10,10,1,0,1,1.0,0.0,0.1,1.1,"Please solve the following math problem step by step. Put the final answer at the end.

Question: Weng earns $12 an hour for babysitting. Yesterday, she just did 50 minutes of babysitting. How much did she earn?

After solving, end your response with exactly one final line:
Final answer: <answer>","Step 1: Determine the number of hours Weng worked.
Weng worked for 50 minutes, which is equivalent to 50/60 = <<50/60=0.83>>0.83 hours.

Step 2: Calculate the earnings based on her hourly wage.
Her earning per hour is $12, so for 0.83 hours, she earned 0.83 * $12 = $<<0.83*12=10>>10.

Therefore, Weng earned $<10>."
1,1,10,16,0,1,1,0.0,0.1,0.1,0.2,"Please solve the following math problem step by step. Put the final answer at the end.

Question: Weng earns $12 an hour for babysitting. Yesterday, she just did 50 minutes of babysitting. How much did she earn?

After solving, end your response with exactly one final line:
Final answer: <answer>","First find how many minutes of babysitting Weng did: 50 minutes ÷ 60 minutes/hour = 8/6 hours  
Then multiply her hourly wage by the number of hours to find how much she earned: 8/6 hours × $12/hour = $<<8/6*12=16>>16  
#### 16

Final answer: 16"
1,2,10,50,0,0,1,0.0,0.0,0.1,0.1,"Please solve the following math problem step by step. Put the final answer at the end.

Question: Weng earns $12 an hour for babysitting. Yesterday, she just did 50 minutes of babysitting. How much did she earn?

After solving, end your response with exactly one final line:
Final answer: <answer>","Step 1: Determine the hourly rate.
Weng earns $12 per hour.

Step 2: Calculate how many hours were worked.
Weng worked 50 minutes.
To convert minutes to hours, divide by 60 (since there are 60 minutes in an hour).

   50 minutes ÷ 60 = 0.8333 hours

Step 3: Multiply the number of hours worked by the hourly rate to find earnings.
Multiply 0.8333 hours by $12 per hour:

   $12 × 0.8333 = $<<12*0.8333=9.9996>>9.9996

Step 4: Round to the nearest cent if necessary.
In this case, the result is already precise enough without rounding.

Final answer: Weng earned $9.99 after doing 50 minutes of babysitting."
1,3,10,10,1,0,1,1.0,0.0,0.1,1.1,"Please solve the following math problem step by step. Put the final answer at the end.

Question: Weng earns $12 an hour for babysitting. Yesterday, she just did 50 minutes of babysitting. How much did she earn?

After solving, end your response with exactly one final line:
Final answer: <answer>","Step 1: Determine the rate of pay.
Weng earns $12 per hour.

Step 2: Calculate how many hours Weng worked yesterday.
Since there are 60 minutes in an hour, we can convert 50 minutes to hours as follows:
\[
\frac{50 \text{ minutes}}{60 \text{ minutes/hour}} = \frac{5}{6} \text{ hours}
\]

Step 3: Calculate earnings based on her hourly wage and the number of hours worked.
Multiply Weng's hourly rate by the number of hours she worked:
\[
12 \text{ dollars/hour} \times \frac{5}{6} \text{ hours} = 10 \text{ dollars}
\]

Final answer: Weng earned $10 from babysitting."
2,0,5,55,0,1,1,0.0,0.1,0.1,0.2,"Please solve the following math problem step by step. Put the final answer at the end.

Question: Betty is saving money for a new wallet which costs $100. Betty has only half of the money she needs. Her parents decided to give her $15 for that purpose, and her grandparents twice as much as her parents. How much more money does Betty need to buy the wallet?

After solving, end your response with exactly one final line:
Final answer: <answer>","Betty's parents gave her $15.
Her grandparents gave her 2 * $15 = $30.
So far, Betty received a total of $15 + $30 = <<15+30=45>>$45.
She still needs $100 - $45 = <<100-45=55>>$55.

Final answer: 55"
2,1,5,20,0,0,1,0.0,0.0,0.1,0.1,"Please solve the following math problem step by step. Put the final answer at the end.

Question: Betty is saving money for a new wallet which costs $100. Betty has only half of the money she needs. Her parents decided to give her $15 for that purpose, and her grandparents twice as much as her parents. How much more money does Betty need to buy the wallet?

After solving, end your response with exactly one final line:
Final answer: <answer>","Betty needs 100/2 = <<100/2=50>>$ worth of savings.
Her grandparents gave her 2 x $15 = <<2*$15=$30>>$30.
She already saved up $50 + $30 = <<50+$30=$80>>$80.
So she still needs $100 - $80 = <<100-$80=$20>>$20.

Final answer: $20"
2,2,5,95,0,0,1,0.0,0.0,0.1,0.1,"Please solve the following math problem step by step. Put the final answer at the end.

Question: Betty is saving money for a new wallet which costs $100. Betty has only half of the money she needs. Her parents decided to give her $15 for that purpose, and her grandparents twice as much as her parents. How much more money does Betty need to buy the wallet?

After solving, end your response with exactly one final line:
Final answer: <answer>","Betty initially has 100/2 = $50.
Her parents will contribute an additional 15 + (15 * 2) = $45 to get the total amount of $100 + ($50+$45) = $195.
This means Betty still needs 100 - $195 = -$95 dollars.

Final answer: -$95"
2,3,5,45,0,0,1,0.0,0.0,0.1,0.1,"Please solve the following math problem step by step. Put the final answer at the end.

Question: Betty is saving money for a new wallet which costs $100. Betty has only half of the money she needs. Her parents decided to give her $15 for that purpose, and her grandparents twice as much as her parents. How much more money does Betty need to buy the wallet?

After solving, end your response with exactly one final line:
Final answer: <answer>","Step 1: Calculate how much money Betty currently has.
Betty needs $100 but she already has half of it, so:
Half price = $100 / 2 = $50

Step 2: Calculate how much money Betty's parents gave her.
Parents' contribution = $15

Step 3: Calculate how much money Betty's grandparents gave her.
Grandparents' contribution = Twice as much as parents' gift = $15 x 2 = $30

Step 4: Add up all the contributions Betty received from family members.
Total amount from family members = Parents' contribution + Grandparents' contribution
Total amount from family members = $15 + $30 = $45

Step 5: Add up the total amount Betty had and the amount contributed by family members.
Total amount Betty now has = Amount Betty needed - Total amount from family members
Total amount Betty now has = $100 - $45 = $55

Step 6: Subtract the total amount Betty now has from the cost of the wallet to find out how much more she needs.
Amount Betty still needs = Cost of wallet - Total amount Betty now has
Amount Betty still needs = $100 - $55 = $45

Final answer: $45"
